{
	"credit": "Made by AlleCraft",
	"variants": {
	  "": 
	  [
		{ "model": "randomite:block/randomite/randomite_ore_1" },
		{ "model": "randomite:block/randomite/randomite_ore_1", "x": 180 },
		{ "model": "randomite:block/randomite/randomite_ore_1", "y": 180 },
		{ "model": "randomite:block/randomite/randomite_ore_1", "y": 180, "x": 180 },
  
		{ "model": "randomite:block/randomite/randomite_ore_2" },
		{ "model": "randomite:block/randomite/randomite_ore_2", "x": 180 },
		{ "model": "randomite:block/randomite/randomite_ore_2", "y": 180 },
		{ "model": "randomite:block/randomite/randomite_ore_2", "y": 180, "x": 180 }
	  ]
	}
  }
  