{
	"credit": "Made with Blockbench",
	"textures": {
		"0": "item/bucket/bucket",
		"particle": "item/bucket/bucket"
	},
	"elements": [
		{
			"from": [6, 1, 6],
			"to": [7, 9, 12],
			"faces": {
				"north": {"uv": [7, 5, 8, 15], "texture": "#0"},
				"east": {"uv": [8, 5, 16, 16], "texture": "#0"},
				"south": {"uv": [0, 5, 1, 15], "texture": "#0"},
				"west": {"uv": [0, 5, 8, 15], "texture": "#0"},
				"up": {"uv": [3, 5, 4, 6], "rotation": 90, "texture": "#0"},
				"down": {"uv": [0, 0, 1, 8], "texture": "#missing"}
			}
		},
		{
			"from": [11, 1, 6],
			"to": [12, 9, 12],
			"faces": {
				"north": {"uv": [0, 5, 1, 15], "texture": "#0"},
				"east": {"uv": [0, 5, 8, 15], "texture": "#0"},
				"south": {"uv": [7, 5, 8, 15], "texture": "#0"},
				"west": {"uv": [8, 5, 16, 15], "texture": "#0"},
				"up": {"uv": [3, 5, 4, 6], "texture": "#0"},
				"down": {"uv": [0, 0, 1, 8], "texture": "#missing"}
			}
		},
		{
			"from": [6, 0, 6],
			"to": [12, 1, 12],
			"faces": {
				"north": {"uv": [0, 15, 8, 16], "texture": "#0"},
				"east": {"uv": [0, 15, 8, 16], "texture": "#0"},
				"south": {"uv": [0, 15, 8, 16], "texture": "#0"},
				"west": {"uv": [0, 15, 8, 16], "texture": "#0"},
				"up": {"uv": [8, 5, 16, 13], "texture": "#0"},
				"down": {"uv": [3, 14, 5, 16], "texture": "#0"}
			}
		},
		{
			"from": [7, 1, 11],
			"to": [11, 9, 12],
			"faces": {
				"north": {"uv": [9, 5, 15, 15], "texture": "#0"},
				"south": {"uv": [1, 5, 7, 15], "texture": "#0"},
				"up": {"uv": [3, 5, 4, 6], "texture": "#0"},
				"down": {"uv": [0, 0, 6, 1], "texture": "#missing"}
			}
		},
		{
			"from": [7, 1, 6],
			"to": [11, 9, 7],
			"faces": {
				"north": {"uv": [1, 5, 7, 15], "texture": "#0"},
				"south": {"uv": [9, 5, 15, 15], "texture": "#0"},
				"up": {"uv": [3, 5, 4, 6], "rotation": 180, "texture": "#0"},
				"down": {"uv": [0, 0, 6, 1], "texture": "#missing"}
			}
		},
		{
			"from": [6, 1, 0],
			"to": [7, 9, 6],
			"faces": {
				"north": {"uv": [7, 5, 8, 15], "texture": "#0"},
				"east": {"uv": [8, 5, 16, 16], "texture": "#0"},
				"south": {"uv": [0, 5, 1, 15], "texture": "#0"},
				"west": {"uv": [0, 5, 8, 15], "texture": "#0"},
				"up": {"uv": [3, 5, 4, 6], "rotation": 90, "texture": "#0"},
				"down": {"uv": [0, 0, 1, 8], "texture": "#missing"}
			}
		},
		{
			"from": [11, 1, 0],
			"to": [12, 9, 6],
			"faces": {
				"north": {"uv": [0, 5, 1, 15], "texture": "#0"},
				"east": {"uv": [0, 5, 8, 15], "texture": "#0"},
				"south": {"uv": [7, 5, 8, 15], "texture": "#0"},
				"west": {"uv": [8, 5, 16, 15], "texture": "#0"},
				"up": {"uv": [3, 5, 4, 6], "texture": "#0"},
				"down": {"uv": [0, 0, 1, 8], "texture": "#missing"}
			}
		},
		{
			"from": [6, 0, 0],
			"to": [12, 1, 6],
			"faces": {
				"north": {"uv": [0, 15, 8, 16], "texture": "#0"},
				"east": {"uv": [0, 15, 8, 16], "texture": "#0"},
				"south": {"uv": [0, 15, 8, 16], "texture": "#0"},
				"west": {"uv": [0, 15, 8, 16], "texture": "#0"},
				"up": {"uv": [8, 5, 16, 13], "texture": "#0"},
				"down": {"uv": [3, 14, 5, 16], "texture": "#0"}
			}
		},
		{
			"from": [7, 1, 5],
			"to": [11, 9, 6],
			"faces": {
				"north": {"uv": [9, 5, 15, 15], "texture": "#0"},
				"south": {"uv": [1, 5, 7, 15], "texture": "#0"},
				"up": {"uv": [3, 5, 4, 6], "texture": "#0"},
				"down": {"uv": [0, 0, 6, 1], "texture": "#missing"}
			}
		},
		{
			"from": [7, 1, 0],
			"to": [11, 9, 1],
			"faces": {
				"north": {"uv": [1, 5, 7, 15], "texture": "#0"},
				"south": {"uv": [9, 5, 15, 15], "texture": "#0"},
				"up": {"uv": [3, 5, 4, 6], "rotation": 180, "texture": "#0"},
				"down": {"uv": [0, 0, 6, 1], "texture": "#missing"}
			}
		},
		{
			"from": [0, 1, 3],
			"to": [1, 9, 9],
			"faces": {
				"north": {"uv": [7, 5, 8, 15], "texture": "#0"},
				"east": {"uv": [8, 5, 16, 16], "texture": "#0"},
				"south": {"uv": [0, 5, 1, 15], "texture": "#0"},
				"west": {"uv": [0, 5, 8, 15], "texture": "#0"},
				"up": {"uv": [3, 5, 4, 6], "rotation": 90, "texture": "#0"},
				"down": {"uv": [0, 0, 1, 8], "texture": "#missing"}
			}
		},
		{
			"from": [5, 1, 3],
			"to": [6, 9, 9],
			"faces": {
				"north": {"uv": [0, 5, 1, 15], "texture": "#0"},
				"east": {"uv": [0, 5, 8, 15], "texture": "#0"},
				"south": {"uv": [7, 5, 8, 15], "texture": "#0"},
				"west": {"uv": [8, 5, 16, 15], "texture": "#0"},
				"up": {"uv": [3, 5, 4, 6], "texture": "#0"},
				"down": {"uv": [0, 0, 1, 8], "texture": "#missing"}
			}
		},
		{
			"from": [0, 0, 3],
			"to": [6, 1, 9],
			"faces": {
				"north": {"uv": [0, 15, 8, 16], "texture": "#0"},
				"east": {"uv": [0, 15, 8, 16], "texture": "#0"},
				"south": {"uv": [0, 15, 8, 16], "texture": "#0"},
				"west": {"uv": [0, 15, 8, 16], "texture": "#0"},
				"up": {"uv": [8, 5, 16, 13], "texture": "#0"},
				"down": {"uv": [3, 14, 5, 16], "texture": "#0"}
			}
		},
		{
			"from": [1, 1, 8],
			"to": [5, 9, 9],
			"faces": {
				"north": {"uv": [9, 5, 15, 15], "texture": "#0"},
				"south": {"uv": [1, 5, 7, 15], "texture": "#0"},
				"up": {"uv": [3, 5, 4, 6], "texture": "#0"},
				"down": {"uv": [0, 0, 6, 1], "texture": "#missing"}
			}
		},
		{
			"from": [1, 1, 3],
			"to": [5, 9, 4],
			"faces": {
				"north": {"uv": [1, 5, 7, 15], "texture": "#0"},
				"south": {"uv": [9, 5, 15, 15], "texture": "#0"},
				"up": {"uv": [3, 5, 4, 6], "rotation": 180, "texture": "#0"},
				"down": {"uv": [0, 0, 6, 1], "texture": "#missing"}
			}
		},
		{
			"from": [8, 10, 3],
			"to": [9, 18, 9],
			"faces": {
				"north": {"uv": [0, 5, 1, 15], "texture": "#0"},
				"east": {"uv": [0, 5, 8, 15], "texture": "#0"},
				"south": {"uv": [7, 5, 8, 15], "texture": "#0"},
				"west": {"uv": [8, 5, 16, 15], "texture": "#0"},
				"up": {"uv": [3, 5, 4, 6], "texture": "#0"},
				"down": {"uv": [0, 0, 1, 8], "texture": "#missing"}
			}
		},
		{
			"from": [4, 10, 3],
			"to": [8, 18, 4],
			"faces": {
				"north": {"uv": [1, 5, 7, 15], "texture": "#0"},
				"south": {"uv": [9, 5, 15, 15], "texture": "#0"},
				"up": {"uv": [3, 5, 4, 6], "rotation": 180, "texture": "#0"},
				"down": {"uv": [0, 0, 6, 1], "texture": "#missing"}
			}
		},
		{
			"from": [3, 9, 3],
			"to": [9, 10, 9],
			"faces": {
				"north": {"uv": [0, 15, 8, 16], "texture": "#0"},
				"east": {"uv": [0, 15, 8, 16], "texture": "#0"},
				"south": {"uv": [0, 15, 8, 16], "texture": "#0"},
				"west": {"uv": [0, 15, 8, 16], "texture": "#0"},
				"up": {"uv": [8, 5, 16, 13], "texture": "#0"},
				"down": {"uv": [3, 14, 5, 16], "texture": "#0"}
			}
		},
		{
			"from": [4, 10, 8],
			"to": [8, 18, 9],
			"faces": {
				"north": {"uv": [9, 5, 15, 15], "texture": "#0"},
				"south": {"uv": [1, 5, 7, 15], "texture": "#0"},
				"up": {"uv": [3, 5, 4, 6], "texture": "#0"},
				"down": {"uv": [0, 0, 6, 1], "texture": "#missing"}
			}
		},
		{
			"from": [3, 10, 3],
			"to": [4, 18, 9],
			"faces": {
				"north": {"uv": [7, 5, 8, 15], "texture": "#0"},
				"east": {"uv": [8, 5, 16, 16], "texture": "#0"},
				"south": {"uv": [0, 5, 1, 15], "texture": "#0"},
				"west": {"uv": [0, 5, 8, 15], "texture": "#0"},
				"up": {"uv": [3, 5, 4, 6], "rotation": 90, "texture": "#0"},
				"down": {"uv": [0, 0, 1, 8], "texture": "#missing"}
			}
		}
	],
	"display": {
		"thirdperson_righthand": {
			"rotation": [90, 0, 0],
			"translation": [0.5, 1.5, 2.25],
			"scale": [0.3, 0.3, 0.3]
		},
		"thirdperson_lefthand": {
			"rotation": [90, 0, 0],
			"translation": [-0.75, 1.5, 2.25],
			"scale": [0.3, 0.3, 0.3]
		},
		"firstperson_righthand": {
			"rotation": [0, -90, -10],
			"translation": [1.13, 3.2, 1.13],
			"scale": [0.5, 0.5, 0.5]
		},
		"firstperson_lefthand": {
			"rotation": [0, -90, -10],
			"translation": [1.13, 3.2, 1.13],
			"scale": [0.5, 0.5, 0.5]
		},
		"ground": {
			"translation": [0, 2, 0],
			"scale": [0.5, 0.5, 0.5]
		},
		"gui": {
			"rotation": [30, 225, 0],
			"translation": [-1.75, 0, 0],
			"scale": [0.7, 0.7, 0.7]
		},
		"head": {
			"rotation": [0, 180, 0],
			"translation": [0, 14.5, 0]
		},
		"fixed": {
			"rotation": [0, 180, 0],
			"translation": [-2, 3.5, 0]
		}
	}
}