{
	"credit": "Created by Stridey",
	"textures": {
		"0": "item/bucket/bucket",
		"particle": "item/bucket/bucket"
	},
	"elements": [
		{
			"from": [4, 1, 4],
			"to": [5, 11, 12],
			"faces": {
				"north": {"uv": [7, 5, 8, 15], "texture": "#0"},
				"east": {"uv": [8, 5, 16, 16], "texture": "#0"},
				"south": {"uv": [0, 5, 1, 15], "texture": "#0"},
				"west": {"uv": [0, 5, 8, 15], "texture": "#0"},
				"up": {"uv": [3, 5, 4, 6], "rotation": 90, "texture": "#0"},
				"down": {"uv": [0, 0, 1, 8], "texture": "#missing"}
			}
		},
		{
			"from": [11, 1, 4],
			"to": [12, 11, 12],
			"faces": {
				"north": {"uv": [0, 5, 1, 15], "texture": "#0"},
				"east": {"uv": [0, 5, 8, 15], "texture": "#0"},
				"south": {"uv": [7, 5, 8, 15], "texture": "#0"},
				"west": {"uv": [8, 5, 16, 15], "texture": "#0"},
				"up": {"uv": [3, 5, 4, 6], "texture": "#0"},
				"down": {"uv": [0, 0, 1, 8], "texture": "#missing"}
			}
		},
		{
			"from": [4, 0, 4],
			"to": [12, 1, 12],
			"faces": {
				"north": {"uv": [0, 15, 8, 16], "texture": "#0"},
				"east": {"uv": [0, 15, 8, 16], "texture": "#0"},
				"south": {"uv": [0, 15, 8, 16], "texture": "#0"},
				"west": {"uv": [0, 15, 8, 16], "texture": "#0"},
				"up": {"uv": [8, 5, 16, 13], "texture": "#0"},
				"down": {"uv": [3, 14, 5, 16], "texture": "#0"}
			}
		},
		{
			"from": [5, 1, 11],
			"to": [11, 11, 12],
			"faces": {
				"north": {"uv": [9, 5, 15, 15], "texture": "#0"},
				"south": {"uv": [1, 5, 7, 15], "texture": "#0"},
				"up": {"uv": [3, 5, 4, 6], "texture": "#0"},
				"down": {"uv": [0, 0, 6, 1], "texture": "#missing"}
			}
		},
		{
			"from": [5, 1, 4],
			"to": [11, 11, 5],
			"faces": {
				"north": {"uv": [1, 5, 7, 15], "texture": "#0"},
				"south": {"uv": [9, 5, 15, 15], "texture": "#0"},
				"up": {"uv": [3, 5, 4, 6], "rotation": 180, "texture": "#0"},
				"down": {"uv": [0, 0, 6, 1], "texture": "#missing"}
			}
		}
	],
	"display": {
		"thirdperson_righthand": {
			"rotation": [90, 0, 0],
			"translation": [0, 2.25, 2.25],
			"scale": [0.55, 0.55, 0.55]
		},
		"thirdperson_lefthand": {
			"rotation": [90, 0, 0],
			"translation": [0, 2.25, 2.25],
			"scale": [0.55, 0.55, 0.55]
		},
		"firstperson_righthand": {
			"rotation": [0, -90, -10],
			"translation": [1.13, 3.2, 1.13],
			"scale": [0.68, 0.68, 0.68]
		},
		"firstperson_lefthand": {
			"rotation": [0, -90, -10],
			"translation": [1.13, 3.2, 1.13],
			"scale": [0.68, 0.68, 0.68]
		},
		"ground": {
			"translation": [0, 2, 0],
			"scale": [0.5, 0.5, 0.5]
		},
		"gui": {
			"rotation": [30, 225, 0],
			"translation": [0, 2, 0]
		},
		"head": {
			"rotation": [0, 180, 0],
			"translation": [0, 14.5, 0]
		},
		"fixed": {
			"rotation": [0, 180, 0],
			"translation": [0, 2.5, 0]
		}
	}
}