{
	"credit": "Made with Blockbench",
	"textures": {
		"0": "item/carrots/carrot",
		"particle": "item/carrots/carrot"
	},
	"elements": [
		{
			"from": [6, 0, 2],
			"to": [10, 4, 10],
			"rotation": {"angle": 0, "axis": "y", "origin": [9, 8, 10]},
			"faces": {
				"north": {"uv": [12, 0, 16, 4], "texture": "#0"},
				"east": {"uv": [0, 0, 8, 4], "rotation": 180, "texture": "#0"},
				"south": {"uv": [12, 0, 16, 4], "texture": "#0"},
				"west": {"uv": [0, 0, 8, 4], "texture": "#0"},
				"up": {"uv": [0, 0, 8, 4], "rotation": 90, "texture": "#0"},
				"down": {"uv": [0, 0, 8, 4], "rotation": 270, "texture": "#0"}
			}
		},
		{
			"from": [8.00798, -0.00602, 10],
			"to": [8.00798, 3.99398, 14],
			"rotation": {"angle": 45, "axis": "z", "origin": [8.02522, 2.0014, 11.9895]},
			"faces": {
				"north": {"uv": [0, 0, 4, 0], "rotation": 90, "texture": "#missing"},
				"east": {"uv": [12, 0, 8, 4], "texture": "#0"},
				"west": {"uv": [8, 0, 12, 4], "texture": "#0"}
			}
		},
		{
			"from": [8.00798, -0.00602, 10],
			"to": [8.00798, 3.99398, 14],
			"rotation": {"angle": -45, "axis": "z", "origin": [8.02522, 2.0014, 11.9895]},
			"faces": {
				"north": {"uv": [0, 0, 4, 0], "rotation": 90, "texture": "#missing"},
				"east": {"uv": [12, 0, 8, 4], "texture": "#0"},
				"west": {"uv": [8, 0, 12, 4], "texture": "#0"}
			}
		}
	],
	"display": {
		"thirdperson_righthand": {
			"rotation": [90, -180, 0],
			"translation": [0, 0.25, 4.75],
			"scale": [0.55, 0.55, 0.55]
		},
		"thirdperson_lefthand": {
			"rotation": [90, -180, 0],
			"translation": [0, 0.25, 4.75],
			"scale": [0.55, 0.55, 0.55]
		},
		"firstperson_righthand": {
			"rotation": [100.25, -180, 0],
			"translation": [1.5, -1.25, 3.88],
			"scale": [0.68, 0.68, 0.68]
		},
		"firstperson_lefthand": {
			"rotation": [100.25, -180, 0],
			"translation": [1.5, -1.25, 3.88],
			"scale": [0.68, 0.68, 0.68]
		},
		"ground": {
			"rotation": [-45, 0, 0],
			"translation": [0, 2, -1.5],
			"scale": [0.5, 0.5, 0.5]
		},
		"gui": {
			"rotation": [-71, 36, 33],
			"translation": [-1.75, 4.5, 0]
		},
		"head": {
			"rotation": [-180, 180, 0],
			"translation": [0, -6.75, -6.5],
			"scale": [0.7, 0.7, 0.7]
		},
		"fixed": {
			"rotation": [90, 180, 0],
			"translation": [0, 0, 6]
		}
	}
}