{
	"credit": "Made with Blockbench",
	"textures": {
		"0": "item/dragon_breath",
		"particle": "item/dragon_breath"
	},
	"elements": [
		{
			"from": [6, 0, 6],
			"to": [10, 9, 10],
			"rotation": {"angle": 0, "axis": "y", "origin": [14, 8, 14]},
			"faces": {
				"north": {"uv": [3, 7.5, 0.5, 12], "texture": "#0"},
				"east": {"uv": [0.5, 7.5, 3, 12], "texture": "#0"},
				"south": {"uv": [3, 7.5, 0.5, 12], "texture": "#0"},
				"west": {"uv": [0.5, 7.5, 3, 12], "texture": "#0"},
				"up": {"uv": [3, 6.5, 0.5, 4], "texture": "#0"},
				"down": {"uv": [0.5, 13, 3, 15.5], "texture": "#0"}
			}
		},
		{
			"from": [10, 0, 6],
			"to": [6, 9, 10],
			"rotation": {"angle": 0, "axis": "y", "origin": [18, 8, 14]},
			"faces": {
				"north": {"uv": [0.5, 7.5, 3, 12], "texture": "#0"},
				"east": {"uv": [3, 7.5, 0.5, 12], "texture": "#0"},
				"south": {"uv": [0.5, 7.5, 3, 12], "texture": "#0"},
				"west": {"uv": [3, 7.5, 0.5, 12], "texture": "#0"},
				"up": {"uv": [0.5, 6.5, 3, 4], "texture": "#0"},
				"down": {"uv": [3, 13, 0.5, 15.5], "texture": "#0"}
			}
		},
		{
			"from": [6.75, 9, 6.75],
			"to": [9.25, 12.5, 9.25],
			"rotation": {"angle": 0, "axis": "y", "origin": [14.75, 17, 15.75]},
			"faces": {
				"north": {"uv": [6, 11, 4, 13.5], "texture": "#0"},
				"east": {"uv": [4, 11, 6, 13.5], "texture": "#0"},
				"south": {"uv": [6, 11, 4, 13.5], "texture": "#0"},
				"west": {"uv": [4, 11, 6, 13.5], "texture": "#0"},
				"up": {"uv": [6, 10.5, 4, 8.5], "texture": "#0"},
				"down": {"uv": [0, 0, 2.5, 2.5], "texture": "#0"}
			}
		},
		{
			"from": [9.25, 9, 6.75],
			"to": [6.75, 12.5, 9.25],
			"rotation": {"angle": 0, "axis": "y", "origin": [17.25, 17, 15.75]},
			"faces": {
				"north": {"uv": [4, 11, 6, 13.5], "texture": "#0"},
				"east": {"uv": [6, 11, 4, 13.5], "texture": "#0"},
				"south": {"uv": [4, 11, 6, 13.5], "texture": "#0"},
				"west": {"uv": [6, 11, 4, 13.5], "texture": "#0"},
				"up": {"uv": [4, 10.5, 6, 8.5], "texture": "#0"},
				"down": {"uv": [0, 0, 2.5, 2.5], "texture": "#0"}
			}
		},
		{
			"from": [7.25, 11.25, 7.25],
			"to": [8.75, 12.75, 8.75],
			"rotation": {"angle": 0, "axis": "y", "origin": [15.25, 19.25, 15.25]},
			"faces": {
				"north": {"uv": [4.5, 7, 5.5, 8], "texture": "#0"},
				"east": {"uv": [4.5, 7, 5.5, 8], "texture": "#0"},
				"south": {"uv": [4.5, 7, 5.5, 8], "texture": "#0"},
				"west": {"uv": [4.5, 7, 5.5, 8], "texture": "#0"},
				"up": {"uv": [0, 0, 0, 0], "texture": "#0"},
				"down": {"uv": [4.5, 7, 5.5, 8], "texture": "#0"}
			}
		},
		{
			"from": [6.35, 12.25, 6.35],
			"to": [9.65, 13.55, 9.65],
			"rotation": {"angle": 0, "axis": "y", "origin": [17, 20.25, 14]},
			"faces": {
				"north": {"uv": [6, 3, 4, 4], "texture": "#0"},
				"east": {"uv": [4, 3, 6, 4], "texture": "#0"},
				"south": {"uv": [6, 3, 4, 4], "texture": "#0"},
				"west": {"uv": [4, 3, 6, 4], "texture": "#0"},
				"up": {"uv": [4, 0.5, 6, 2.5], "texture": "#0"},
				"down": {"uv": [4, 4.5, 6, 6.5], "texture": "#0"}
			}
		},
		{
			"from": [6.25, 0.25, 6.25],
			"to": [9.75, 8.75, 9.75],
			"rotation": {"angle": 0, "axis": "y", "origin": [14, 8, 14]},
			"faces": {
				"north": {"uv": [7, 7.5, 9.5, 12], "texture": "#0"},
				"east": {"uv": [7, 7.5, 9.5, 12], "texture": "#0"},
				"south": {"uv": [7, 7.5, 9.5, 12], "texture": "#0"},
				"west": {"uv": [7, 7.5, 9.5, 12], "texture": "#0"},
				"up": {"uv": [9.5, 6.5, 7, 4], "texture": "#0"},
				"down": {"uv": [6.5, 12.5, 10, 16], "texture": "#0"}
			}
		},
		{
			"from": [7, 8.5, 7],
			"to": [9, 10.5, 9],
			"rotation": {"angle": 0, "axis": "y", "origin": [14.75, 16.25, 15.75]},
			"faces": {
				"north": {"uv": [12.5, 11.5, 10.5, 13], "texture": "#0"},
				"east": {"uv": [10.5, 11.5, 12.5, 13], "texture": "#0"},
				"south": {"uv": [12.5, 11.5, 10.5, 13], "texture": "#0"},
				"west": {"uv": [10.5, 11.5, 12.5, 13], "texture": "#0"},
				"up": {"uv": [12.5, 10.5, 10.5, 8.5], "texture": "#0"},
				"down": {"uv": [4, 14, 6, 16], "texture": "#0"}
			}
		}
	],
	"gui_light": "front",
	"display": {
		"thirdperson_righthand": {
			"rotation": [1, -3, 0],
			"translation": [0, 0.5, 1],
			"scale": [0.75, 0.75, 0.75]
		},
		"thirdperson_lefthand": {
			"rotation": [1, 7, 1],
			"translation": [0, 0, 0.5],
			"scale": [0.75, 0.75, 0.75]
		},
		"firstperson_righthand": {
			"rotation": [14, -7, 8],
			"translation": [0, 2.25, -0.25]
		},
		"firstperson_lefthand": {
			"rotation": [15, 15, 7],
			"translation": [0, 2.5, 0.5]
		},
		"ground": {
			"translation": [0, 2.5, 0],
			"scale": [0.75, 0.75, 0.75]
		},
		"gui": {
			"translation": [0, 1, 0],
			"scale": [1.1, 1.1, 1.1]
		},
		"head": {
			"translation": [0, 12.25, 0],
			"scale": [0.75, 0.75, 0.75]
		},
		"fixed": {
			"rotation": [-90, 0, 0],
			"translation": [0, 0, -12.25],
			"scale": [1.5, 1.5, 1.5]
		}
	},
	"groups": [
		{
			"name": "potion",
			"origin": [8, 8, 8],
			"children": [0, 1, 2, 3, 4, 5, 6, 7]
		}
	]
}