{
	"credit": "Made with Blockbench",
	"textures": {
		"0": "item/ingots/ingots1",
		"particle": "item/ingots/ingots1"
	},
	"elements": [
		{
			"from": [5, 0, 2],
			"to": [11, 4, 14],
			"faces": {
				"north": {"uv": [3, 2, 6, 4], "texture": "#0"},
				"east": {"uv": [6, 2, 12, 4], "texture": "#0"},
				"south": {"uv": [3, 2, 6, 4], "texture": "#0"},
				"west": {"uv": [6, 2, 12, 4], "texture": "#0"},
				"up": {"uv": [3, 4, 6, 10], "texture": "#0"},
				"down": {"uv": [3, 4, 6, 10], "texture": "#0"}
			}
		}
	],
	"display": {
		"thirdperson_righthand": {
			"rotation": [90, 0, 90],
			"translation": [-3.25, 0, 0.25],
			"scale": [0.55, 0.55, 0.55]
		},
		"thirdperson_lefthand": {
			"rotation": [90, 0, 90],
			"translation": [-3.25, 0, 0.25],
			"scale": [0.55, 0.55, 0.55]
		},
		"firstperson_righthand": {
			"rotation": [0, -8, 16],
			"translation": [0.13, 4.25, 1.63],
			"scale": [0.68, 0.68, 0.68]
		},
		"firstperson_lefthand": {
			"rotation": [0, -8, 16],
			"translation": [0.13, 3.75, 1.63],
			"scale": [0.68, 0.68, 0.68]
		},
		"ground": {
			"translation": [0, 2, 0],
			"scale": [0.5, 0.5, 0.5]
		},
		"gui": {
			"rotation": [30, 225, 0],
			"translation": [0, 5.25, 0]
		},
		"head": {
			"rotation": [0, 180, 0],
			"translation": [0, 14.5, 0]
		},
		"fixed": {
			"rotation": [0, 90, 0],
			"translation": [0, 6, 0]
		}
	}
}