{
    "__comment": "Model generated using MrCrayfish's Model Creator (https://mrcrayfish.com/tools?id=mc)",
    "textures": {
        "timberframeplain": "millenaire:blocks/timberframeplain"
    },
    "display": {
        "gui": {
            "rotation": [ 30, 45, 0 ],
            "translation": [ 0, 0, 0 ],
            "scale": [ 0.625, 0.625, 0.625 ]
        },
        "ground": {
            "rotation": [ 0, 0, 0 ],
            "translation": [ 0, 3, 0 ],
            "scale": [ 0.25, 0.25, 0.25 ]
        },
        "fixed": {
            "rotation": [ 0, 180, 0 ],
            "translation": [ 0, 0, 0 ],
            "scale": [ 1, 1, 1 ]
        },
        "head": {
            "rotation": [ 0, 180, 0 ],
            "translation": [ 0, 0, 0 ],
            "scale": [ 1, 1, 1 ]
        },
        "firstperson_righthand": {
            "rotation": [ 0, 315, 0 ],
            "translation": [ 0, 2.5, 0 ],
            "scale": [ 0.4, 0.4, 0.4 ]
        },
        "thirdperson_righthand": {
            "rotation": [ 75, 315, 0 ],
            "translation": [ 0, 2.5, 0 ],
            "scale": [ 0.375, 0.375, 0.375 ]
        }
    },
    "elements": [
        {
            "name": "Cube",
            "from": [ 0, 0, 0 ], 
            "to": [ 1, 16, 1 ], 
            "faces": {
                "north": { "texture": "#timberframeplain", "uv": [ 15, 0, 16, 16 ] },
                "east": { "texture": "#timberframeplain", "uv": [ 15, 0, 16, 16 ], "rotation": 180 },
                "south": { "texture": "#timberframeplain", "uv": [ 0, 0, 1, 16 ] },
                "west": { "texture": "#timberframeplain", "uv": [ 0, 0, 1, 16 ] },
                "up": { "texture": "#timberframeplain", "uv": [ 0, 0, 1, 1 ] },
                "down": { "texture": "#timberframeplain", "uv": [ 0, 0, 1, 1 ] }
            }
        },
        {
            "name": "Cube",
            "from": [ 1, 0, 0 ], 
            "to": [ 15, 1, 1 ], 
            "faces": {
                "north": { "texture": "#timberframeplain", "uv": [ 1, 15, 15, 16 ] },
                "south": { "texture": "#timberframeplain", "uv": [ 1, 15, 15, 16 ] },
                "up": { "texture": "#timberframeplain", "uv": [ 1, 15, 15, 16 ] },
                "down": { "texture": "#timberframeplain", "uv": [ 1, 15, 15, 16 ] }
            }
        },
        {
            "name": "Cube",
            "from": [ 15, 0, 0 ], 
            "to": [ 16, 16, 1 ], 
            "faces": {
                "north": { "texture": "#timberframeplain", "uv": [ 0, 0, 1, 16 ] },
                "east": { "texture": "#timberframeplain", "uv": [ 15, 0, 16, 16 ] },
                "south": { "texture": "#timberframeplain", "uv": [ 15, 0, 16, 16 ] },
                "west": { "texture": "#timberframeplain", "uv": [ 0, 0, 1, 16 ] },
                "up": { "texture": "#timberframeplain", "uv": [ 15, 0, 16, 1 ] },
                "down": { "texture": "#timberframeplain", "uv": [ 15, 0, 16, 1 ] }
            }
        },
        {
            "name": "Cube",
            "from": [ 0, 0, 1 ], 
            "to": [ 1, 1, 15 ], 
            "faces": {
                "east": { "texture": "#timberframeplain", "uv": [ 1, 15, 15, 16 ] },
                "west": { "texture": "#timberframeplain", "uv": [ 1, 15, 15, 16 ] },
                "up": { "texture": "#timberframeplain", "uv": [ 1, 15, 15, 16 ] },
                "down": { "texture": "#timberframeplain", "uv": [ 1, 15, 15, 16 ] }
            }
        },
        {
            "name": "Cube",
            "from": [ 0, 0, 15 ], 
            "to": [ 1, 16, 16 ], 
            "faces": {
                "north": { "texture": "#timberframeplain", "uv": [ 15, 16, 16, 0 ] },
                "east": { "texture": "#timberframeplain", "uv": [ 0, 0, 1, 16 ] },
                "south": { "texture": "#timberframeplain", "uv": [ 0, 0, 1, 16 ] },
                "west": { "texture": "#timberframeplain", "uv": [ 15, 0, 16, 16 ] },
                "up": { "texture": "#timberframeplain", "uv": [ 0, 15, 1, 16 ] },
                "down": { "texture": "#timberframeplain", "uv": [ 0, 15, 1, 16 ] }
            }
        },
        {
            "name": "Cube",
            "from": [ 15, 0, 15 ], 
            "to": [ 16, 16, 16 ], 
            "faces": {
                "north": { "texture": "#timberframeplain", "uv": [ 0, 0, 1, 16 ] },
                "east": { "texture": "#timberframeplain", "uv": [ 0, 0, 1, 16 ] },
                "south": { "texture": "#timberframeplain", "uv": [ 15, 0, 16, 16 ] },
                "west": { "texture": "#timberframeplain", "uv": [ 15, 0, 16, 16 ] },
                "up": { "texture": "#timberframeplain", "uv": [ 15, 15, 16, 16 ] },
                "down": { "texture": "#timberframeplain", "uv": [ 15, 15, 16, 16 ] }
            }
        },
        {
            "name": "Cube",
            "from": [ 1, 0, 15 ], 
            "to": [ 15, 1, 16 ], 
            "faces": {
                "north": { "texture": "#timberframeplain", "uv": [ 1, 15, 15, 16 ] },
                "south": { "texture": "#timberframeplain", "uv": [ 1, 15, 15, 16 ] },
                "up": { "texture": "#timberframeplain", "uv": [ 1, 15, 15, 16 ] },
                "down": { "texture": "#timberframeplain", "uv": [ 1, 15, 15, 16 ] }
            }
        },
        {
            "name": "Cube",
            "from": [ 15, 0, 1 ], 
            "to": [ 16, 1, 15 ], 
            "faces": {
                "east": { "texture": "#timberframeplain", "uv": [ 1, 15, 15, 16 ] },
                "west": { "texture": "#timberframeplain", "uv": [ 1, 15, 15, 16 ] },
                "up": { "texture": "#timberframeplain", "uv": [ 1, 15, 15, 16 ] },
                "down": { "texture": "#timberframeplain", "uv": [ 0, 1, 1, 15 ] }
            }
        },
        {
            "name": "Cube",
            "from": [ 1, 15, 0 ], 
            "to": [ 15, 16, 1 ], 
            "faces": {
                "north": { "texture": "#timberframeplain", "uv": [ 1, 0, 15, 1 ] },
                "south": { "texture": "#timberframeplain", "uv": [ 1, 0, 15, 1 ] },
                "up": { "texture": "#timberframeplain", "uv": [ 1, 0, 15, 1 ] },
                "down": { "texture": "#timberframeplain", "uv": [ 1, 0, 15, 1 ] }
            }
        },
        {
            "name": "Cube",
            "from": [ 1, 15, 15 ], 
            "to": [ 15, 16, 16 ], 
            "faces": {
                "north": { "texture": "#timberframeplain", "uv": [ 1, 0, 15, 1 ] },
                "south": { "texture": "#timberframeplain", "uv": [ 1, 0, 15, 1 ] },
                "up": { "texture": "#timberframeplain", "uv": [ 1, 15, 15, 16 ] },
                "down": { "texture": "#timberframeplain", "uv": [ 1, 15, 15, 16 ] }
            }
        },
        {
            "name": "Cube",
            "from": [ 0, 15, 1 ], 
            "to": [ 1, 16, 15 ], 
            "faces": {
                "east": { "texture": "#timberframeplain", "uv": [ 1, 0, 15, 1 ] },
                "west": { "texture": "#timberframeplain", "uv": [ 1, 0, 15, 1 ] },
                "up": { "texture": "#timberframeplain", "uv": [ 0, 1, 1, 15 ] },
                "down": { "texture": "#timberframeplain", "uv": [ 0, 1, 1, 15 ] }
            }
        },
        {
            "name": "Cube",
            "from": [ 15, 15, 1 ], 
            "to": [ 16, 16, 15 ], 
            "faces": {
                "east": { "texture": "#timberframeplain", "uv": [ 1, 0, 15, 1 ] },
                "west": { "texture": "#timberframeplain", "uv": [ 1, 0, 15, 1 ] },
                "up": { "texture": "#timberframeplain", "uv": [ 15, 1, 16, 15 ] },
                "down": { "texture": "#timberframeplain", "uv": [ 15, 1, 16, 15 ] }
            }
        },
        {
            "name": "Cube",
            "from": [ 7, 1, 0 ], 
            "to": [ 9, 15, 1 ], 
            "faces": {
                "north": { "texture": "#timberframeplain", "uv": [ 7, 1, 9, 15 ] },
                "east": { "texture": "#timberframeplain", "uv": [ 7, 1, 8, 15 ] },
                "west": { "texture": "#timberframeplain", "uv": [ 8, 1, 9, 15 ] }
            }
        },
        {
            "name": "Cube",
            "from": [ 7, 1, 15 ], 
            "to": [ 9, 15, 16 ], 
            "faces": {
                "east": { "texture": "#timberframeplain", "uv": [ 8, 1, 9, 15 ] },
                "south": { "texture": "#timberframeplain", "uv": [ 7, 1, 9, 15 ] },
                "west": { "texture": "#timberframeplain", "uv": [ 7, 1, 8, 15 ] }
            }
        },
        {
            "name": "Cube",
            "from": [ 0, 1, 7 ], 
            "to": [ 1, 15, 9 ], 
            "faces": {
                "north": { "texture": "#timberframeplain", "uv": [ 7, 1, 8, 15 ] },
                "south": { "texture": "#timberframeplain", "uv": [ 8, 1, 9, 15 ] },
                "west": { "texture": "#timberframeplain", "uv": [ 7, 1, 9, 15 ] }
            }
        },
        {
            "name": "Cube",
            "from": [ 15, 1, 7 ], 
            "to": [ 16, 15, 9 ], 
            "faces": {
                "north": { "texture": "#timberframeplain", "uv": [ 8, 1, 9, 15 ] },
                "east": { "texture": "#timberframeplain", "uv": [ 7, 1, 9, 15 ] },
                "south": { "texture": "#timberframeplain", "uv": [ 7, 1, 8, 15 ] }
            }
        },
        {
            "name": "Cube",
            "from": [ 1, 1, 1 ], 
            "to": [ 15, 15, 15 ], 
            "faces": {
                "north": { "texture": "#timberframeplain", "uv": [ 1, 1, 15, 15 ] },
                "east": { "texture": "#timberframeplain", "uv": [ 1, 1, 15, 15 ] },
                "south": { "texture": "#timberframeplain", "uv": [ 1, 1, 15, 15 ] },
                "west": { "texture": "#timberframeplain", "uv": [ 1, 1, 15, 15 ] },
                "up": { "texture": "#timberframeplain", "uv": [ 1, 1, 15, 15 ] },
                "down": { "texture": "#timberframeplain", "uv": [ 1, 1, 15, 15 ] }
            }
        },
        {
            "name": "Cube",
            "from": [ 7, 0, 1 ], 
            "to": [ 9, 1, 15 ], 
            "faces": {
                "east": { "texture": "#timberframeplain", "uv": [ 1, 0, 15, 1 ] },
                "west": { "texture": "#timberframeplain", "uv": [ 1, 0, 15, 1 ] },
                "down": { "texture": "#timberframeplain", "uv": [ 7, 1, 9, 15 ] }
            }
        },
        {
            "name": "Cube",
            "from": [ 7, 15, 1 ], 
            "to": [ 9, 16, 15 ], 
            "faces": {
                "east": { "texture": "#timberframeplain", "uv": [ 1, 0, 15, 1 ] },
                "west": { "texture": "#timberframeplain", "uv": [ 1, 0, 15, 1 ] },
                "up": { "texture": "#timberframeplain", "uv": [ 7, 1, 9, 15 ] }
            }
        }
    ]
}