{
  "parent": "item/generated",
  "textures": {
    "layer0": "buildinggadgets:items/destructiontool"
  },
  "display": {
    "thirdperson_righthand": {
      "rotation": [
        0,
        0,
        0
      ],
      "translation": [
        0,
        0,
        0
      ],
      "scale": [
        0.5,
        0.5,
        0.5
      ]
    },
    "firstperson_righthand": {
      "rotation": [
        -45,
        0,
        0
      ],
      "translation": [
        6,
        0,
        -7
      ],
      "scale": [
        0.5,
        0.5,
        0.5
      ]
    }
  }
}