{
	"credit": "Made with Blockbench",
	"textures": {
		"0": "item/glass_bottle",
		"particle": "item/glass_bottle"
	},
	"elements": [
		{
			"from": [6, 0, 6],
			"to": [10, 9, 10],
			"rotation": {"angle": 0, "axis": "y", "origin": [14, 8, 14]},
			"faces": {
				"north": {"uv": [3, 7.5, 0.5, 12], "texture": "#0"},
				"east": {"uv": [0.5, 7.5, 3, 12], "texture": "#0"},
				"south": {"uv": [3, 7.5, 0.5, 12], "texture": "#0"},
				"west": {"uv": [0.5, 7.5, 3, 12], "texture": "#0"},
				"up": {"uv": [3, 6.5, 0.5, 4], "texture": "#0"},
				"down": {"uv": [0.5, 13, 3, 15.5], "texture": "#0"}
			}
		},
		{
			"from": [10, 0, 6],
			"to": [6, 9, 10],
			"rotation": {"angle": 0, "axis": "y", "origin": [18, 8, 14]},
			"faces": {
				"north": {"uv": [0.5, 7.5, 3, 12], "texture": "#0"},
				"east": {"uv": [3, 7.5, 0.5, 12], "texture": "#0"},
				"south": {"uv": [0.5, 7.5, 3, 12], "texture": "#0"},
				"west": {"uv": [3, 7.5, 0.5, 12], "texture": "#0"},
				"up": {"uv": [0.5, 6.5, 3, 4], "texture": "#0"},
				"down": {"uv": [3, 13, 0.5, 15.5], "texture": "#0"}
			}
		},
		{
			"from": [6.75, 9, 6.75],
			"to": [9.25, 12.5, 9.25],
			"rotation": {"angle": 0, "axis": "y", "origin": [14.75, 17, 15.75]},
			"faces": {
				"north": {"uv": [6, 11, 4, 13.5], "texture": "#0"},
				"east": {"uv": [4, 11, 6, 13.5], "texture": "#0"},
				"south": {"uv": [6, 11, 4, 13.5], "texture": "#0"},
				"west": {"uv": [4, 11, 6, 13.5], "texture": "#0"},
				"up": {"uv": [6, 10.5, 4, 8.5], "texture": "#0"},
				"down": {"uv": [0, 0, 2.5, 2.5], "texture": "#0"}
			}
		},
		{
			"from": [9.25, 9, 6.75],
			"to": [6.75, 12.5, 9.25],
			"rotation": {"angle": 0, "axis": "y", "origin": [17.25, 17, 15.75]},
			"faces": {
				"north": {"uv": [4, 11, 6, 13.5], "texture": "#0"},
				"east": {"uv": [6, 11, 4, 13.5], "texture": "#0"},
				"south": {"uv": [4, 11, 6, 13.5], "texture": "#0"},
				"west": {"uv": [6, 11, 4, 13.5], "texture": "#0"},
				"up": {"uv": [4, 10.5, 6, 8.5], "texture": "#0"},
				"down": {"uv": [0, 0, 2.5, 2.5], "texture": "#0"}
			}
		},
		{
			"from": [8, 0, 7],
			"to": [12, 9, 11],
			"rotation": {"angle": 0, "axis": "y", "origin": [14, 8, 14]},
			"faces": {
				"north": {"uv": [3, 7.5, 0.5, 12], "texture": "#0"},
				"east": {"uv": [0.5, 7.5, 3, 12], "texture": "#0"},
				"south": {"uv": [3, 7.5, 0.5, 12], "texture": "#0"},
				"west": {"uv": [0.5, 7.5, 3, 12], "texture": "#0"},
				"up": {"uv": [3, 6.5, 0.5, 4], "texture": "#0"},
				"down": {"uv": [0.5, 13, 3, 15.5], "texture": "#0"}
			}
		},
		{
			"from": [12, 0, 7],
			"to": [8, 9, 11],
			"rotation": {"angle": 0, "axis": "y", "origin": [18, 8, 14]},
			"faces": {
				"north": {"uv": [0.5, 7.5, 3, 12], "texture": "#0"},
				"east": {"uv": [3, 7.5, 0.5, 12], "texture": "#0"},
				"south": {"uv": [0.5, 7.5, 3, 12], "texture": "#0"},
				"west": {"uv": [3, 7.5, 0.5, 12], "texture": "#0"},
				"up": {"uv": [0.5, 6.5, 3, 4], "texture": "#0"},
				"down": {"uv": [3, 13, 0.5, 15.5], "texture": "#0"}
			}
		},
		{
			"from": [8.75, 9, 7.75],
			"to": [11.25, 12.5, 10.25],
			"rotation": {"angle": 0, "axis": "y", "origin": [14.75, 17, 15.75]},
			"faces": {
				"north": {"uv": [6, 11, 4, 13.5], "texture": "#0"},
				"east": {"uv": [4, 11, 6, 13.5], "texture": "#0"},
				"south": {"uv": [6, 11, 4, 13.5], "texture": "#0"},
				"west": {"uv": [4, 11, 6, 13.5], "texture": "#0"},
				"up": {"uv": [6, 10.5, 4, 8.5], "texture": "#0"},
				"down": {"uv": [0, 0, 2.5, 2.5], "texture": "#0"}
			}
		},
		{
			"from": [11.25, 9, 7.75],
			"to": [8.75, 12.5, 10.25],
			"rotation": {"angle": 0, "axis": "y", "origin": [17.25, 17, 15.75]},
			"faces": {
				"north": {"uv": [4, 11, 6, 13.5], "texture": "#0"},
				"east": {"uv": [6, 11, 4, 13.5], "texture": "#0"},
				"south": {"uv": [4, 11, 6, 13.5], "texture": "#0"},
				"west": {"uv": [6, 11, 4, 13.5], "texture": "#0"},
				"up": {"uv": [4, 10.5, 6, 8.5], "texture": "#0"},
				"down": {"uv": [0, 0, 2.5, 2.5], "texture": "#0"}
			}
		},
		{
			"from": [5, 0, 8],
			"to": [9, 9, 12],
			"rotation": {"angle": 0, "axis": "y", "origin": [14, 8, 14]},
			"faces": {
				"north": {"uv": [3, 7.5, 0.5, 12], "texture": "#0"},
				"east": {"uv": [0.5, 7.5, 3, 12], "texture": "#0"},
				"south": {"uv": [3, 7.5, 0.5, 12], "texture": "#0"},
				"west": {"uv": [0.5, 7.5, 3, 12], "texture": "#0"},
				"up": {"uv": [3, 6.5, 0.5, 4], "texture": "#0"},
				"down": {"uv": [0.5, 13, 3, 15.5], "texture": "#0"}
			}
		},
		{
			"from": [9, 0, 8],
			"to": [5, 9, 12],
			"rotation": {"angle": 0, "axis": "y", "origin": [18, 8, 14]},
			"faces": {
				"north": {"uv": [0.5, 7.5, 3, 12], "texture": "#0"},
				"east": {"uv": [3, 7.5, 0.5, 12], "texture": "#0"},
				"south": {"uv": [0.5, 7.5, 3, 12], "texture": "#0"},
				"west": {"uv": [3, 7.5, 0.5, 12], "texture": "#0"},
				"up": {"uv": [0.5, 6.5, 3, 4], "texture": "#0"},
				"down": {"uv": [3, 13, 0.5, 15.5], "texture": "#0"}
			}
		},
		{
			"from": [5.75, 9, 8.75],
			"to": [8.25, 12.5, 11.25],
			"rotation": {"angle": 0, "axis": "y", "origin": [14.75, 17, 15.75]},
			"faces": {
				"north": {"uv": [6, 11, 4, 13.5], "texture": "#0"},
				"east": {"uv": [4, 11, 6, 13.5], "texture": "#0"},
				"south": {"uv": [6, 11, 4, 13.5], "texture": "#0"},
				"west": {"uv": [4, 11, 6, 13.5], "texture": "#0"},
				"up": {"uv": [6, 10.5, 4, 8.5], "texture": "#0"},
				"down": {"uv": [0, 0, 2.5, 2.5], "texture": "#0"}
			}
		},
		{
			"from": [8.25, 9, 8.75],
			"to": [5.75, 12.5, 11.25],
			"rotation": {"angle": 0, "axis": "y", "origin": [17.25, 17, 15.75]},
			"faces": {
				"north": {"uv": [4, 11, 6, 13.5], "texture": "#0"},
				"east": {"uv": [6, 11, 4, 13.5], "texture": "#0"},
				"south": {"uv": [4, 11, 6, 13.5], "texture": "#0"},
				"west": {"uv": [6, 11, 4, 13.5], "texture": "#0"},
				"up": {"uv": [4, 10.5, 6, 8.5], "texture": "#0"},
				"down": {"uv": [0, 0, 2.5, 2.5], "texture": "#0"}
			}
		}
	],
	"gui_light": "front",
	"display": {
		"thirdperson_righthand": {
			"rotation": [1, -3, 0],
			"translation": [0, 0.5, 1],
			"scale": [0.75, 0.75, 0.75]
		},
		"thirdperson_lefthand": {
			"rotation": [1, 7, 1],
			"translation": [0, 0, 0.5],
			"scale": [0.75, 0.75, 0.75]
		},
		"firstperson_righthand": {
			"rotation": [14, -7, 8],
			"translation": [0, 2.25, -0.25]
		},
		"firstperson_lefthand": {
			"rotation": [15, 15, 7],
			"translation": [0, 2.5, 0.5]
		},
		"ground": {
			"translation": [0, 2.5, 0],
			"scale": [0.75, 0.75, 0.75]
		},
		"gui": {
			"translation": [0, 1, 0],
			"scale": [1.1, 1.1, 1.1]
		},
		"head": {
			"translation": [0, 12.25, 0],
			"scale": [0.75, 0.75, 0.75]
		},
		"fixed": {
			"translation": [0, 3, -2.5]
		}
	},
	"groups": [
		{
			"name": "potion",
			"origin": [8, 8, 8],
			"color": 0,
			"children": [0, 1, 2, 3]
		},
		{
			"name": "potion",
			"origin": [8, 8, 8],
			"color": 0,
			"children": [4, 5, 6, 7]
		},
		{
			"name": "potion",
			"origin": [8, 8, 8],
			"color": 0,
			"children": [8, 9, 10, 11]
		}
	]
}