{
  "credit": "Made by AlleCraft",
  "parent": "randomite:block/randomite_ore",
  "textures": {
    "particle": "minecraft:block/stone",

    "1_e": "minecraft:block/ore_lapis_block",
    "2_e": "minecraft:block/ore_gold_block",
    "3_e": "minecraft:block/ore_redstone_block",

    "1_s": "minecraft:block/ore_iron_block",
    "2_s": "minecraft:block/ore_redstone_block",
    "3_s": "minecraft:block/ore_quartz_block",
    
    "1_w": "minecraft:block/ore_emerald_block",
    "2_w": "minecraft:block/ore_coal_block",
    "3_w": "minecraft:block/ore_iron_block",

    "1_n": "minecraft:block/ore_lapis_block",
    "2_n": "minecraft:block/ore_redstone_block",
    "3_n": "minecraft:block/ore_emerald_block",

    "1_t": "minecraft:block/ore_diamond_block",
    "2_t": "minecraft:block/ore_gold_block",
    "3_t": "minecraft:block/ore_coal_block",

    "1_b": "minecraft:block/ore_quartz_block",
    "2_b": "minecraft:block/ore_diamond_block",
    "3_b": "minecraft:block/ore_lapis_block"

  }
}