{
  "variants": {
    "age=0": {
      "model": "mysticalagriculture:block/mystical_resource_crop_0"
    },
    "age=1": {
      "model": "mysticalagriculture:block/mystical_resource_crop_1"
    },
    "age=2": {
      "model": "mysticalagriculture:block/mystical_resource_crop_2"
    },
    "age=3": {
      "model": "mysticalagriculture:block/mystical_resource_crop_3"
    },
    "age=4": {
      "model": "mysticalagriculture:block/mystical_resource_crop_4"
    },
    "age=5": {
      "model": "mysticalagriculture:block/mystical_resource_crop_5"
    },
    "age=6": {
      "model": "mysticalagriculture:block/mystical_resource_crop_6"
    },
    "age=7": {
      "model": "mysticalagriculture:block/emerald_crop"
    }
  }
}