{
  "variants": {
    "moisture=0": {
      "model": "mysticalagriculture:block/infused_farmland"
    },
    "moisture=1": {
      "model": "mysticalagriculture:block/infused_farmland"
    },
    "moisture=2": {
      "model": "mysticalagriculture:block/infused_farmland"
    },
    "moisture=3": {
      "model": "mysticalagriculture:block/infused_farmland"
    },
    "moisture=4": {
      "model": "mysticalagriculture:block/infused_farmland"
    },
    "moisture=5": {
      "model": "mysticalagriculture:block/infused_farmland"
    },
    "moisture=6": {
      "model": "mysticalagriculture:block/infused_farmland"
    },
    "moisture=7": {
      "model": "mysticalagriculture:block/infused_farmland_moist"
    }
  }
}