{
  "variants": {
    "facing=north,lit=false": { "model": "mysticalagriculture:block/inferium_furnace" },
    "facing=south,lit=false": { "model": "mysticalagriculture:block/inferium_furnace", "y": 180 },
    "facing=west,lit=false":  { "model": "mysticalagriculture:block/inferium_furnace", "y": 270 },
    "facing=east,lit=false":  { "model": "mysticalagriculture:block/inferium_furnace", "y": 90 },
    "facing=north,lit=true": { "model": "mysticalagriculture:block/inferium_furnace_on" },
    "facing=south,lit=true": { "model": "mysticalagriculture:block/inferium_furnace_on", "y": 180 },
    "facing=west,lit=true":  { "model": "mysticalagriculture:block/inferium_furnace_on", "y": 270 },
    "facing=east,lit=true":  { "model": "mysticalagriculture:block/inferium_furnace_on", "y": 90 }
  }
}
