{
	"credit": "Made with Blockbench",
	"textures": {
		"0": "item/ingots/ingots2",
		"particle": "item/ingots/ingots2"
	},
	"elements": [
		{
			"from": [2, 0, 2],
			"to": [8, 4, 14],
			"faces": {
				"north": {"uv": [3, 2, 6, 4], "texture": "#0"},
				"east": {"uv": [6, 2, 12, 4], "texture": "#0"},
				"south": {"uv": [3, 2, 6, 4], "texture": "#0"},
				"west": {"uv": [6, 2, 12, 4], "texture": "#0"},
				"up": {"uv": [3, 4, 6, 10], "texture": "#0"},
				"down": {"uv": [3, 4, 6, 10], "texture": "#0"}
			}
		},
		{
			"from": [8, 0, 2],
			"to": [14, 4, 14],
			"faces": {
				"north": {"uv": [3, 2, 6, 4], "texture": "#0"},
				"east": {"uv": [6, 2, 12, 4], "texture": "#0"},
				"south": {"uv": [3, 2, 6, 4], "texture": "#0"},
				"west": {"uv": [6, 2, 12, 4], "texture": "#0"},
				"up": {"uv": [3, 4, 6, 10], "texture": "#0"},
				"down": {"uv": [3, 4, 6, 10], "texture": "#0"}
			}
		}
	],
	"display": {
		"thirdperson_righthand": {
			"translation": [0.25, 3.25, 0.25],
			"scale": [0.4, 0.4, 0.4]
		},
		"thirdperson_lefthand": {
			"translation": [-0.25, 3.25, 0.25],
			"scale": [0.4, 0.4, 0.4]
		},
		"firstperson_righthand": {
			"rotation": [0, -8, 16],
			"translation": [0.13, 4.25, 1.63],
			"scale": [0.5, 0.5, 0.5]
		},
		"firstperson_lefthand": {
			"rotation": [0, -8, 16],
			"translation": [0.13, 3.75, 1.63],
			"scale": [0.5, 0.5, 0.5]
		},
		"ground": {
			"translation": [0, 2, 0],
			"scale": [0.5, 0.5, 0.5]
		},
		"gui": {
			"rotation": [30, 225, 0],
			"translation": [0, 4.5, 0],
			"scale": [0.8, 0.8, 0.8]
		},
		"head": {
			"rotation": [0, 180, 0],
			"translation": [0, 14.5, 0]
		},
		"fixed": {
			"rotation": [0, 90, 0],
			"translation": [0, 6, 0]
		}
	}
}